{
  "id": "2141891",
  "name": "菜谱",
  "font_family": "iconfont",
  "css_prefix_text": "icon-",
  "description": "",
  "glyphs": [
    {
      "icon_id": "2535839",
      "name": "垃圾",
      "font_class": "laji",
      "unicode": "e738",
      "unicode_decimal": 59192
    },
    {
      "icon_id": "2768301",
      "name": "计算器",
      "font_class": "jisuanqi",
      "unicode": "e619",
      "unicode_decimal": 58905
    },
    {
      "icon_id": "3101445",
      "name": "mbe风格_炸鸡",
      "font_class": "mbefengge_zhaji",
      "unicode": "e61b",
      "unicode_decimal": 58907
    },
    {
      "icon_id": "3767592",
      "name": "创可贴",
      "font_class": "chuangketie",
      "unicode": "e621",
      "unicode_decimal": 58913
    },
    {
      "icon_id": "3856816",
      "name": "3_铅笔",
      "font_class": "_qianbi",
      "unicode": "e616",
      "unicode_decimal": 58902
    },
    {
      "icon_id": "4625341",
      "name": "香烟",
      "font_class": "xiangyan",
      "unicode": "e61a",
      "unicode_decimal": 58906
    },
    {
      "icon_id": "5044399",
      "name": "耳机",
      "font_class": "erji",
      "unicode": "e61c",
      "unicode_decimal": 58908
    },
    {
      "icon_id": "5086117",
      "name": "生鲜-蔬菜",
      "font_class": "shengxian-shucai",
      "unicode": "e60f",
      "unicode_decimal": 58895
    },
    {
      "icon_id": "5166646",
      "name": "笔记本",
      "font_class": "bijiben_",
      "unicode": "e62e",
      "unicode_decimal": 58926
    },
    {
      "icon_id": "5194032",
      "name": "夹子",
      "font_class": "jiazi",
      "unicode": "e633",
      "unicode_decimal": 58931
    },
    {
      "icon_id": "5222015",
      "name": "耳机",
      "font_class": "erji1",
      "unicode": "e631",
      "unicode_decimal": 58929
    },
    {
      "icon_id": "5646488",
      "name": "辣椒",
      "font_class": "shucai-",
      "unicode": "e606",
      "unicode_decimal": 58886
    },
    {
      "icon_id": "7459722",
      "name": "文件夹",
      "font_class": "weibiaoti-_huabanfuben",
      "unicode": "e610",
      "unicode_decimal": 58896
    },
    {
      "icon_id": "7845647",
      "name": "曲奇饼干",
      "font_class": "quqibinggan",
      "unicode": "e611",
      "unicode_decimal": 58897
    },
    {
      "icon_id": "10135167",
      "name": "其他垃圾-破旧陶瓷品",
      "font_class": "qitalaji-pojiutaocipin",
      "unicode": "e636",
      "unicode_decimal": 58934
    },
    {
      "icon_id": "11876882",
      "name": "面包",
      "font_class": "mianbao",
      "unicode": "e751",
      "unicode_decimal": 59217
    },
    {
      "icon_id": "12582544",
      "name": "公文包",
      "font_class": "gongwenbao",
      "unicode": "e608",
      "unicode_decimal": 58888
    },
    {
      "icon_id": "14314697",
      "name": "眼镜",
      "font_class": "yanjing",
      "unicode": "e63c",
      "unicode_decimal": 58940
    },
    {
      "icon_id": "16277121",
      "name": "水果",
      "font_class": "shuiguo",
      "unicode": "e617",
      "unicode_decimal": 58903
    },
    {
      "icon_id": "3814649",
      "name": "药品",
      "font_class": "yaopin",
      "unicode": "e607",
      "unicode_decimal": 58887
    },
    {
      "icon_id": "5167088",
      "name": "清洁剂",
      "font_class": "qingjieji",
      "unicode": "e618",
      "unicode_decimal": 58904
    },
    {
      "icon_id": "7846858",
      "name": "指甲油",
      "font_class": "meizhuangxilie-",
      "unicode": "e602",
      "unicode_decimal": 58882
    },
    {
      "icon_id": "8289035",
      "name": "药丸",
      "font_class": "yaowan",
      "unicode": "e872",
      "unicode_decimal": 59506
    },
    {
      "icon_id": "13354830",
      "name": "体温计",
      "font_class": "tiwenji",
      "unicode": "ea36",
      "unicode_decimal": 59958
    },
    {
      "icon_id": "17770179",
      "name": "蓄电池电压",
      "font_class": "xudianchidianya",
      "unicode": "e629",
      "unicode_decimal": 58921
    },
    {
      "icon_id": "755551",
      "name": "菱形",
      "font_class": "lingxing",
      "unicode": "e62d",
      "unicode_decimal": 58925
    },
    {
      "icon_id": "8349148",
      "name": "右箭头-填充",
      "font_class": "youjiantou-tianchong",
      "unicode": "e73d",
      "unicode_decimal": 59197
    },
    {
      "icon_id": "10130849",
      "name": "湿垃圾",
      "font_class": "shilaji",
      "unicode": "e622",
      "unicode_decimal": 58914
    },
    {
      "icon_id": "10130868",
      "name": "可回收物",
      "font_class": "kehuishouwu",
      "unicode": "e627",
      "unicode_decimal": 58919
    },
    {
      "icon_id": "13040725",
      "name": "干垃圾",
      "font_class": "ganlaji",
      "unicode": "e604",
      "unicode_decimal": 58884
    },
    {
      "icon_id": "13040737",
      "name": "有害垃圾",
      "font_class": "youhailaji",
      "unicode": "e605",
      "unicode_decimal": 58885
    },
    {
      "icon_id": "9097104",
      "name": "垃圾",
      "font_class": "ziyuan",
      "unicode": "e640",
      "unicode_decimal": 58944
    },
    {
      "icon_id": "6219264",
      "name": "清空",
      "font_class": "qingkong",
      "unicode": "e946",
      "unicode_decimal": 59718
    },
    {
      "icon_id": "2076244",
      "name": " 内容2",
      "font_class": "neirong2",
      "unicode": "e889",
      "unicode_decimal": 59529
    },
    {
      "icon_id": "2506198",
      "name": "搜索",
      "font_class": "sousuo",
      "unicode": "e634",
      "unicode_decimal": 58932
    },
    {
      "icon_id": "444607",
      "name": "返回",
      "font_class": "fanhui1",
      "unicode": "e67c",
      "unicode_decimal": 59004
    },
    {
      "icon_id": "14666053",
      "name": "时钟",
      "font_class": "shizhong",
      "unicode": "e72a",
      "unicode_decimal": 59178
    },
    {
      "icon_id": "584251",
      "name": "右箭头",
      "font_class": "iconfontjiantou5",
      "unicode": "e635",
      "unicode_decimal": 58933
    },
    {
      "icon_id": "339684",
      "name": "在线反馈",
      "font_class": "icon",
      "unicode": "e613",
      "unicode_decimal": 58899
    },
    {
      "icon_id": "833265",
      "name": "历史记录",
      "font_class": "lishijilu",
      "unicode": "e8ad",
      "unicode_decimal": 59565
    },
    {
      "icon_id": "1133820",
      "name": "收藏",
      "font_class": "shoucang",
      "unicode": "e65a",
      "unicode_decimal": 58970
    },
    {
      "icon_id": "14095239",
      "name": "点赞",
      "font_class": "dianzan",
      "unicode": "e775",
      "unicode_decimal": 59253
    },
    {
      "icon_id": "15825663",
      "name": "菜篮子",
      "font_class": "cailanzi",
      "unicode": "e79a",
      "unicode_decimal": 59290
    },
    {
      "icon_id": "493215",
      "name": "更多",
      "font_class": "gengduo",
      "unicode": "e782",
      "unicode_decimal": 59266
    },
    {
      "icon_id": "4406738",
      "name": "首页",
      "font_class": "shouye",
      "unicode": "e603",
      "unicode_decimal": 58883
    },
    {
      "icon_id": "16378437",
      "name": "分类",
      "font_class": "fenlei",
      "unicode": "e6c8",
      "unicode_decimal": 59080
    }
  ]
}
